metric,value
count,5484
mean,28.877461706783368
median,18.0
std,25.981069716955478
min,1
max,280
p25,8.0
p75,46.0
p90,73.0
p95,76.0
