metric,value
count,5237
mean,8.07217872827955
median,7.0
std,5.743760118758014
min,1
max,80
p25,4.0
p75,10.0
p90,16.0
p95,20.0
