{
  "model_key": "xlm_roberta_ce",
  "model_name": "xlm-roberta-base",
  "test_metrics": {
    "model_key": "xlm_roberta_ce",
    "model_name": "xlm-roberta-base",
    "loss": "ce",
    "num_train_epochs": 5,
    "entity_precision": 0.51440329218107,
    "entity_recall": 0.352112676056338,
    "entity_f1": 0.4180602006688963,
    "entity_tp": 125,
    "entity_fp": 118,
    "entity_fn": 230,
    "token_precision_macro": 0.9112597999459313,
    "token_recall_macro": 0.9080072732170517,
    "token_f1_macro": 0.9096306291111487,
    "token_f1_weighted": 0.9096306291111487,
    "token_accuracy": 0.8452231695085256,
    "train_time_seconds": 738.8569848537445,
    "prediction_path": "outputs/experiments/direct_baselines/xlm_roberta_ce/test_predictions.jsonl",
    "error_analysis_path": "outputs/experiments/direct_baselines/xlm_roberta_ce/error_analysis.csv",
    "per_label_report_path": "outputs/experiments/direct_baselines/xlm_roberta_ce/per_label_report.csv",
    "per_label": {
      "O": {
        "precision": 0.9007810488370097,
        "recall": 0.9048973961027763,
        "f1": 0.0,
        "support": 11598
      },
      "B-COMP": {
        "precision": 0.5378151260504201,
        "recall": 0.3742690058479532,
        "f1": 0.0,
        "support": 513
      },
      "I-COMP": {
        "precision": 0.7089249492900609,
        "recall": 0.7279354334808643,
        "f1": 0.0,
        "support": 3841
      }
    }
  },
  "train_time": 738.8569848537445
}