model_key,model_name,loss,num_train_epochs,entity_precision,entity_recall,entity_f1,token_f1_macro,token_f1_weighted,token_accuracy
phobert_ce,vinai/phobert-base-v2,ce,5,0.4797047970479705,0.36619718309859156,0.41533546325878595,0.9098023342103487,0.9098023342103487,0.8449874686716792
phobert_weighted_ce,vinai/phobert-base-v2,weighted_ce,5,0.4899328859060403,0.4112676056338028,0.44716692189892804,0.9107136842814322,0.9107136842814322,0.8471177944862155
xlm_roberta_ce,xlm-roberta-base,ce,5,0.51440329218107,0.352112676056338,0.4180602006688963,0.9096306291111487,0.9096306291111487,0.8452231695085256
mbert_ce,bert-base-multilingual-cased,ce,5,0.48201438848920863,0.37746478873239436,0.4233807266982622,0.9003679978192722,0.9003679978192722,0.8291703276013556
