{
  "model_key": "phobert_ce",
  "model_name": "vinai/phobert-base-v2",
  "test_metrics": {
    "model_key": "phobert_ce",
    "model_name": "vinai/phobert-base-v2",
    "loss": "ce",
    "num_train_epochs": 5,
    "entity_precision": 0.4797047970479705,
    "entity_recall": 0.36619718309859156,
    "entity_f1": 0.41533546325878595,
    "entity_tp": 130,
    "entity_fp": 141,
    "entity_fn": 225,
    "token_precision_macro": 0.9167289783155462,
    "token_recall_macro": 0.902979578172079,
    "token_f1_macro": 0.9098023342103487,
    "token_f1_weighted": 0.9098023342103487,
    "token_accuracy": 0.8449874686716792,
    "train_time_seconds": 607.860758304596,
    "prediction_path": "outputs/experiments/direct_baselines/phobert_ce/test_predictions.jsonl",
    "error_analysis_path": "outputs/experiments/direct_baselines/phobert_ce/error_analysis.csv",
    "per_label_report_path": "outputs/experiments/direct_baselines/phobert_ce/per_label_report.csv",
    "per_label": {
      "O": {
        "precision": 0.8944209636517328,
        "recall": 0.9116836119248665,
        "f1": 0.0,
        "support": 11606
      },
      "B-COMP": {
        "precision": 0.5143603133159269,
        "recall": 0.3840155945419103,
        "f1": 0.0,
        "support": 513
      },
      "I-COMP": {
        "precision": 0.7227115025353616,
        "recall": 0.7050247331424109,
        "f1": 0.0,
        "support": 3841
      }
    }
  },
  "train_time": 607.860758304596
}